<Ui xmlns="http://www.blizzard.com/wow/ui/" xmlns:xsi="http://www.w3.org/2001/XMLSchema-instance" xsi:schemaLocation="http://www.blizzard.com/wow/ui/
..\FrameXML\UI.xsd">
	<Script file="GMTickets.lua"/>

	<Button name="FSHelpFrameButtonTemplate" motionScriptsWhileDisabled="true" virtual="true">
		<Size x="174" y="54"/>
		<Layers>
			<Layer level="OVERLAY">
				<Texture name="$parentIcon" file="Interface\Icons\Ability_ThunderClap" parentKey="icon">
					<Size x="50" y="50"/>
					<Anchors>
						<Anchor point="LEFT" x="0" y="0"/>
					</Anchors>
				</Texture>
				<Texture name="$parentSelected" file="Interface\HelpFrame\HelpButtons" parentKey="selected" hidden="true">
					<Size x="174" y="54"/>
					<Anchors>
						<Anchor point="CENTER" x="0" y="0"/>
					</Anchors>
					<TexCoords left="0.00390625" right="0.68359375" top="0.66015625" bottom="0.87109375"/>
				</Texture>
			</Layer>
		</Layers>
		<Scripts>
			<OnLoad>
				local data = FSHelpFrameNavTbl[self:GetID()];
				if data.icon  then
					self.icon:SetTexture(data.icon);
				end

				if data.text then
					self:SetText(data.text);
				end

				self.tooltip = data.tooltipTex;
				self.newbieText = data.newbieText;
				data.button = self;
				FSHelpFrame_SetButtonEnabled(self, true);
			</OnLoad>
			<OnEnter>
				if (self.tooltip) then
					GameTooltip:SetOwner(self, "ANCHOR_CURSOR_RIGHT");
					GameTooltip:SetText(self.tooltip, HIGHLIGHT_FONT_COLOR.r, HIGHLIGHT_FONT_COLOR.g, HIGHLIGHT_FONT_COLOR.b);
					GameTooltip:Show();
				end
			</OnEnter>
			<OnLeave function="GameTooltip_Hide" />
			<OnMouseDown>
				if self:IsEnabled() then
					self.icon:SetPoint("LEFT", 4, -1);
				end
			</OnMouseDown>
			<OnMouseUp>
				self.icon:SetPoint("LEFT", 3, 0);
			</OnMouseUp>
			<OnClick>
				local data = FSHelpFrameNavTbl[self:GetID()];
				if ( not data.noSelection ) then
					FSHelpFrame_SetSelectedButton(self);
				end
				FSHelpFrame_SetFrameByKey(self:GetID());
			</OnClick>
		</Scripts>
		<NormalTexture file="Interface\HelpFrame\HelpButtons">
			<TexCoords left="0.00390625" right="0.68359375" top="0.44140625" bottom="0.65234375"/>
		</NormalTexture>
		<PushedTexture file="Interface\HelpFrame\HelpButtons">
			<TexCoords left="0.00390625" right="0.68359375" top="0.22265625" bottom="0.43359375"/>
		</PushedTexture>
		<HighlightTexture file="Interface\HelpFrame\HelpButtons" alphaMode="ADD">
			<TexCoords left="0.00390625" right="0.68359375" top="0.00390625" bottom="0.21484375"/>
		</HighlightTexture>
		<ButtonText name="$parentText" inherits="GameFontNormalMed2" justifyH="LEFT" parentKey="text">
			<Size x="120" y="30"/>
			<Anchors>
				<Anchor point="LEFT" relativeTo="$parentIcon" relativePoint="RIGHT" x="0" y="-1"/>
			</Anchors>
		</ButtonText>
	</Button>

	<Button name="FSHelpFrameNavButtonTemplate" inherits="NavButtonTemplate" virtual="true">
		<Scripts>
			<OnClick>
				PlaySound("igMainMenuOptionCheckBoxOn");
				if self.myclick ~= KnowledgeBase_Search then
					KnowledgeBase_ClearSearch(FSHelpFrame.kbase.searchBox);
				end
			</OnClick>
		</Scripts>
	</Button>

	<Button name="KnowledgeBaseArticleTemplate" virtual="true">
		<Size>
			<AbsDimension x="445" y="25"/>
		</Size>
		<Layers>
			<Layer level="ARTWORK" textureSubLevel="2">
				<Texture name="$parentLEndDown" file="Interface\HelpFrame\KnowledgeBaseButtton" parentKey="ldown" hidden="true">
					<Size x="64" y="25"/>
					<Anchors>
						<Anchor point="LEFT" x="-5" y="0"/>
					</Anchors>
					<TexCoords left="0.00195313" right="0.12695313" top="0.21875000" bottom="0.41406250"/>
				</Texture>
				<Texture name="$parentLEndUp" file="Interface\HelpFrame\KnowledgeBaseButtton" parentKey="lup">
					<Size x="64" y="25"/>
					<Anchors>
						<Anchor point="LEFT" x="-5" y="0"/>
					</Anchors>
					<TexCoords left="0.00195313" right="0.12695313" top="0.00781250" bottom="0.20312500"/>
				</Texture>
				<Texture name="$parentREndDown" file="Interface\HelpFrame\KnowledgeBaseButtton" parentKey="rdown" hidden="true">
					<Size x="64" y="25"/>
					<Anchors>
						<Anchor point="RIGHT" x="5" y="0"/>
					</Anchors>
					<TexCoords left="0.00195313" right="0.12695313" top="0.64062500" bottom="0.83593750"/>
				</Texture>
				<Texture name="$parentREndUp" file="Interface\HelpFrame\KnowledgeBaseButtton" parentKey="rup">
					<Size x="64" y="25"/>
					<Anchors>
						<Anchor point="RIGHT" x="5" y="0"/>
					</Anchors>
					<TexCoords left="0.00195313" right="0.12695313" top="0.42968750" bottom="0.62500000"/>
				</Texture>
			</Layer>
			<Layer level="OVERLAY">
				<FontString name="$parentNumber" inherits="GameFontNormal" justifyH="RIGHT" parentKey="number">
					<Size x="0" y="12"/>
					<Anchors>
						<Anchor point="RIGHT" relativePoint="LEFT" x="30" y="0"/>
					</Anchors>
				</FontString>
				<FontString name="$parentTitle" inherits="GameFontNormal" justifyH="LEFT" parentKey="title">
					<Size x="0" y="12"/>
					<Anchors>
						<Anchor point="LEFT" relativeTo="$parentNumber" relativePoint="RIGHT" x="5" y="0"/>
						<Anchor point="RIGHT" x="-5" y="0"/>
					</Anchors>
					<Color r="0.8" g="0.8" b="0.8" a="1"/>
				</FontString>
			</Layer>
		</Layers>
		<Scripts>
			<OnMouseDown>
				self.lup:Hide();
				self.ldown:Show();
				self.rup:Hide();
				self.rdown:Show();
				PlaySound("igMainMenuOptionCheckBoxOn");
			</OnMouseDown>
			<OnMouseUp>
				self.ldown:Hide();
				self.lup:Show();
				self.rdown:Hide();
				self.rup:Show();
			</OnMouseUp>
		</Scripts>
		<NormalTexture file="Interface\HelpFrame\KnowledgeBaseButtton">
			<TexCoords left="0.13085938" right="0.63085938" top="0.21875000" bottom="0.41406250"/>
		</NormalTexture>
		<PushedTexture file="Interface\HelpFrame\KnowledgeBaseButtton">
			<TexCoords left="0.13085938" right="0.63085938" top="0.42968750" bottom="0.62500000"/>
		</PushedTexture>
		<HighlightTexture file="Interface\HelpFrame\KnowledgeBaseButtton">
			<TexCoords left="0.13085938" right="0.63085938" top="0.00781250" bottom="0.20312500"/>
		</HighlightTexture>
	</Button>

	<Button name="BrowserButtonTemplate" virtual="true">
		<Size x="32" y="32"/>
		<NormalTexture file="Interface\Buttons\UI-SquareButton-Up"/>
		<PushedTexture file="Interface\Buttons\UI-SquareButton-Down"/>
		<DisabledTexture file="Interface\Buttons\UI-SquareButton-Disabled"/>
		<HighlightTexture file="Interface\Buttons\UI-Common-MouseHilight" alphaMode="ADD"/>
		<Scripts>
			<OnMouseDown>
				local point, relativeTo, relativePoint, x, y = self.Icon:GetPoint(1);
				self.origX = x;
				self.origY = y;
				self.Icon:SetPoint(point, relativeTo, relativePoint, x-1, y-1);
			</OnMouseDown>
			<OnMouseUp>
				local point, relativeTo, relativePoint = self.Icon:GetPoint(1);
				self.Icon:SetPoint(point, relativeTo, relativePoint, self.origX, self.origY);
			</OnMouseUp>
			<OnHide>
				local point, relativeTo, relativePoint = self.Icon:GetPoint(1);
				self.Icon:SetPoint(point, relativeTo, relativePoint, self.origX, self.origY);
			</OnHide>
			<OnEnter>
				if (self.tooltip) then
					GameTooltip:SetOwner(self, "ANCHOR_CURSOR_RIGHT");
					GameTooltip:SetText(self.tooltip, HIGHLIGHT_FONT_COLOR.r, HIGHLIGHT_FONT_COLOR.g, HIGHLIGHT_FONT_COLOR.b);
				end
			</OnEnter>
			<OnLeave function="GameTooltip_Hide" />
		</Scripts>
	</Button>

	<Browser name="BrowserTemplate" frameStrata="HIGH" IMEFont="ChatFontNormal" virtual="true">
		<Frames>
			<Frame parentKey="BrowserInset" inherits="InsetFrameTemplate" frameStrata="MEDIUM">
				<Anchors>
					<Anchor point="TOPLEFT" x="-3" y="3"/>
					<Anchor point="BOTTOMRIGHT" x="3" y="-1"/>
				</Anchors>
			</Frame>
			<Button name="$parentBrowserSettings" inherits="BrowserButtonTemplate" parentKey="settings">
				<Anchors>
					<Anchor point="TOPRIGHT" relativeTo="FSHelpFrameCloseButton" relativePoint="TOPLEFT" x="-3" y="-5"/>
				</Anchors>
				<Layers>
					<Layer level="ARTWORK" textureSubLevel="5">
						<Texture parentKey="Icon" file="Interface\Buttons\UI-OptionsButton">
							<Size x="16" y="16"/>
							<Anchors>
								<Anchor point="CENTER" />
							</Anchors>
						</Texture>
					</Layer>
				</Layers>
				<Scripts>
					<OnLoad>
						self.tooltip = BROWSER_SETTINGS_BUTTON_TOOLTIP;
					</OnLoad>
					<OnClick>
					</OnClick>
				</Scripts>
			</Button>
			<Button name="$parentNavHome" inherits="BrowserButtonTemplate" parentKey="home">
				<Anchors>
					<Anchor point="BOTTOMLEFT" relativePoint="TOPLEFT" x="2" y="-2"/>
				</Anchors>
				<Layers>
					<Layer level="ARTWORK" textureSubLevel="5">
						<Texture parentKey="Icon" file="Interface\Buttons\UI-HomeButton">
							<Size x="16" y="16"/>
							<Anchors>
								<Anchor point="CENTER" />
							</Anchors>
						</Texture>
					</Layer>
				</Layers>
				<Scripts>
					<OnLoad>
						self.tooltip = BROWSER_HOME_TOOLTIP;
					</OnLoad>
					<OnClick>
						PlaySound("igMainMenuOptionCheckBoxOn");
					</OnClick>
				</Scripts>
			</Button>
			<Button name="$parentNavBack" parentKey="back">
				<Size x="32" y="32"/>
				<Anchors>
					<Anchor point="LEFT" relativeTo="$parentNavHome" relativePoint="RIGHT" x="3"/>
				</Anchors>
				<Scripts>
					<OnLoad>
						self:Disable();
					</OnLoad>
					<OnClick>
						PlaySound("igMainMenuOptionCheckBoxOn");
						self:GetParent():NavigateBack();
					</OnClick>
					<OnEnter>
						GameTooltip:SetOwner(self, "ANCHOR_CURSOR_RIGHT");
						GameTooltip:SetText(BROWSER_BACK_TOOLTIP, HIGHLIGHT_FONT_COLOR.r, HIGHLIGHT_FONT_COLOR.g, HIGHLIGHT_FONT_COLOR.b);
					</OnEnter>
					<OnLeave function="GameTooltip_Hide" />
				</Scripts>
				<NormalTexture file="Interface\Buttons\UI-SpellbookIcon-PrevPage-Up"/>
				<PushedTexture file="Interface\Buttons\UI-SpellbookIcon-PrevPage-Down"/>
				<DisabledTexture file="Interface\Buttons\UI-SpellbookIcon-PrevPage-Disabled"/>
				<HighlightTexture file="Interface\Buttons\UI-Common-MouseHilight" alphaMode="ADD"/>
			</Button>
			<Button name="$parentNavForward" parentKey="forward">
				<Size x="32" y="32"/>
				<Anchors>
					<Anchor point="LEFT" relativeTo="$parentNavBack" relativePoint="RIGHT" x="3"/>
				</Anchors>
				<Scripts>
					<OnLoad>
						self:Disable();
					</OnLoad>
					<OnClick>
						PlaySound("igMainMenuOptionCheckBoxOn");
						self:GetParent():NavigateForward();
					</OnClick>
					<OnEnter>
						GameTooltip:SetOwner(self, "ANCHOR_CURSOR_RIGHT");
						GameTooltip:SetText(BROWSER_FORWARD_TOOLTIP, HIGHLIGHT_FONT_COLOR.r, HIGHLIGHT_FONT_COLOR.g, HIGHLIGHT_FONT_COLOR.b);
					</OnEnter>
					<OnLeave function="GameTooltip_Hide" />
				</Scripts>
				<NormalTexture file="Interface\Buttons\UI-SpellbookIcon-NextPage-Up"/>
				<PushedTexture file="Interface\Buttons\UI-SpellbookIcon-NextPage-Down"/>
				<DisabledTexture file="Interface\Buttons\UI-SpellbookIcon-NextPage-Disabled"/>
				<HighlightTexture file="Interface\Buttons\UI-Common-MouseHilight" alphaMode="ADD"/>
			</Button>
			<Button name="$parentNavReload" inherits="BrowserButtonTemplate" parentKey="reload">
				<Anchors>
					<Anchor point="LEFT" relativeTo="$parentNavForward" relativePoint="RIGHT" x="3"/>
				</Anchors>
				<Layers>
					<Layer level="ARTWORK" textureSubLevel="5">
						<Texture parentKey="Icon" file="Interface\Buttons\UI-RefreshButton">
							<Size x="16" y="16"/>
							<Anchors>
								<Anchor point="CENTER" />
							</Anchors>
						</Texture>
					</Layer>
				</Layers>
				<Scripts>
					<OnLoad>
						self.tooltip = BROWSER_RELOAD_TOOLTIP;
					</OnLoad>
					<OnClick>
						PlaySound("igMainMenuOptionCheckBoxOn");
						self:GetParent():NavigateReload();
					</OnClick>
				</Scripts>
			</Button>
			<Button name="$parentNavStop" inherits="BrowserButtonTemplate" hidden="true" parentKey="stop">
				<Anchors>
					<Anchor point="LEFT" relativeTo="$parentNavForward" relativePoint="RIGHT" x="3"/>
				</Anchors>
				<Layers>
					<Layer level="ARTWORK" textureSubLevel="5">
						<Texture parentKey="Icon" file="Interface\Buttons\UI-StopButton">
							<Size x="16" y="16"/>
							<Anchors>
								<Anchor point="CENTER" />
							</Anchors>
						</Texture>
					</Layer>
				</Layers>
				<Scripts>
					<OnLoad>
						self.tooltip = BROWSER_STOP_TOOLTIP;
					</OnLoad>
					<OnClick>
						PlaySound("igMainMenuOptionCheckBoxOn");
						self:GetParent():NavigateStop();
					</OnClick>
				</Scripts>
			</Button>
			<Frame name="LoadingIcon" toplevel="true" hidden="true" parentKey="loading">
				<Animations>
					<AnimationGroup parentKey="Loop" looping="REPEAT" >
						<Rotation target="LoadingIconSpin" order="1" duration="8" degrees="-360" />
					</AnimationGroup>
				</Animations>
				<Anchors>
					<Anchor point="TOPLEFT" relativeTo="$parentNavStop" relativePoint="TOPRIGHT"  x="0" y="4"/>
				</Anchors>
				<Size x="40" y="40"/>
				<Frames>
					<Frame name="$parentFrame" setAllPoints="true" >
						<Layers>
							<Layer level="BACKGROUND">
								<Texture file="Interface\COMMON\StreamBackground" name="$parentBackground" setAllPoints="true" >
									<Color r="1" g="0.82" b="0" a="1"/>
								</Texture>
							</Layer>
							<Layer level="ARTWORK">
								<Texture file="Interface\COMMON\StreamFrame" name="$parentAlpha" setAllPoints="true" />
							</Layer>
						</Layers>
					</Frame>
					<Frame name="$parentSpin" setAllPoints="true" >
						<Layers>
							<Layer level="BACKGROUND">
								<Texture file="Interface\COMMON\StreamCircle" name="$parentSpinner" setAllPoints="true" >
									<Color r="1" g="0.82" b="0"/>
								</Texture>
							</Layer>
							<Layer level="OVERLAY" >
								<Texture file="Interface\COMMON\StreamSpark" setAllPoints="true" />
							</Layer>
						</Layers>
					</Frame>
				</Frames>
			</Frame>
		</Frames>
		<Scripts>
			<OnExternalLink>
				StaticPopup_Show("EXTERNAL_LINK", url, nil, {url=url, browser=self});
			</OnExternalLink>
			<OnEscapePressed>
				self:ClearFocus();
			</OnEscapePressed>
			<OnButtonUpdate function="Browser_UpdateButtons"/>
			<OnError>
				local info = ChatTypeInfo["SYSTEM"];
				DEFAULT_CHAT_FRAME:AddMessage(msg, info.r, info.g, info.b, info.id);
			</OnError>
		</Scripts>
	</Browser>


	<Frame name="FSHelpFrame" toplevel="true" parent="UIParent" inherits="TranslucentFrameTemplate" hidden="true" enableMouse="true" >
		<Size x="974" y="524"/>
		<Anchors>
			<Anchor point="CENTER" x="0" y="0"/>
		</Anchors>
		<Layers>
			<Layer level="BORDER" textureSubLevel="-6">
				<Texture name="$parentTopTileStreaks" inherits="_UI-Frame-TopTileStreaks">
					<Anchors>
						<Anchor point="TOPLEFT" x="13" y="-13"/>
						<Anchor point="BOTTOMRIGHT" relativePoint="TOPRIGHT" x="-13" y="-35"/>
					</Anchors>
				</Texture>
			</Layer>
		</Layers>
		<Frames>
			<Frame name="$parentHeader" inherits="TranslucentFrameTemplate" parentKey="header">
				<Size x="180" y="45"/>
				<Anchors>
					<Anchor point="CENTER" relativePoint="TOP" x="0" y="-8"/>
				</Anchors>
				<Layers>
					<Layer level="ARTWORK">
						<FontString inherits="GameFontNormal" text="HELP_FRAME_TITLE">
							<Anchors>
								<Anchor point="CENTER" x="0" y="0"/>
							</Anchors>
						</FontString>
					</Layer>
				</Layers>
			</Frame>
			<Button name="$parentCloseButton" inherits="UIPanelCloseButton">
				<Anchors>
					<Anchor point="TOPRIGHT" relativePoint="TOPRIGHT">
						<Offset x="-7" y="-7"/>
					</Anchor>
				</Anchors>
			</Button>
			<Frame name="$parentLeftInset" useParentLevel="true" inherits="InsetFrameTemplate" parentKey="leftInset">
				<Anchors>
					<Anchor point="TOPLEFT" x="10" y="-10" />
					<Anchor point="BOTTOMRIGHT" relativePoint="BOTTOMLEFT" x="207" y="10"/>
				</Anchors>
				<Layers>
					<Layer level="BACKGROUND">
						<Texture name="$parentLeftShadow" file="Interface\HelpFrame\Tileable-ParchmentEdge-Left" vertTile="true">
							<Size x="64" y="256"/>
							<Anchors>
								<Anchor point="TOPLEFT" x="0" y="0"/>
								<Anchor point="BOTTOMLEFT" x="0" y="0"/>
							</Anchors>
						</Texture>
						<Texture name="$parentRightShadow" file="Interface\HelpFrame\Tileable-ParchmentEdge-Right" vertTile="true">
							<Size x="64" y="256"/>
							<Anchors>
								<Anchor point="TOPRIGHT" x="0" y="0"/>
								<Anchor point="BOTTOMRIGHT" x="0" y="0"/>
							</Anchors>
						</Texture>
						<Texture name="$parentTopShadow" file="Interface\HelpFrame\Tileable-ParchmentEdge-Top" horizTile="true">
							<Size x="256" y="64"/>
							<Anchors>
								<Anchor point="TOPLEFT" x="0" y="0"/>
								<Anchor point="TOPRIGHT" x="0" y="0"/>
							</Anchors>
						</Texture>
						<Texture name="$parentBottomShadow" file="Interface\HelpFrame\Tileable-ParchmentEdge-Bottom" horizTile="true">
							<Size x="256" y="64"/>
							<Anchors>
								<Anchor point="BOTTOMLEFT" x="0" y="0"/>
								<Anchor point="BOTTOMRIGHT" x="0" y="0"/>
							</Anchors>
						</Texture>
					</Layer>
				</Layers>
			</Frame>
			<Frame name="$parentMainInset" useParentLevel="true" inherits="InsetFrameTemplate" parentKey="mainInset">
				<Anchors>
					<Anchor point="TOPLEFT" relativeTo="$parentLeftInset" relativePoint="TOPRIGHT" x="3" y="-32" />
					<Anchor point="BOTTOMRIGHT" x="-10" y="10"/>
				</Anchors>
				<Scripts>
					<OnLoad>
						tinsert(UISpecialFrames, "FSHelpFrame");
					</OnLoad>
				</Scripts>
			</Frame>
			<Button name="$parentButton1" inherits="FSHelpFrameButtonTemplate" parentKey="button1" id="1">
				<Anchors>
					<Anchor point="TOP" relativeTo="$parentLeftInset" x="2" y="-20"/>
				</Anchors>
			</Button>
			<Button name="$parentButton2" inherits="FSHelpFrameButtonTemplate" parentKey="button3" id="3">
				<Anchors>
					<Anchor point="TOP" relativeTo="$parentButton1" relativePoint="BOTTOM" x="0" y="-12"/>
				</Anchors>
			</Button>
			<Frame name="$parentCharacterStuck" hidden="true" parentKey="stuck">
				<Anchors>
					<Anchor point="TOPLEFT" relativeTo="$parentMainInset" x="5" y="-5"/>
					<Anchor point="BOTTOMRIGHT" relativeTo="$parentMainInset" x="-5" y="5"/>
				</Anchors>
				<Layers>
					<Layer level="ARTWORK">
						<FontString name="$parentTitle" inherits="GameFontNormalLarge" text="HELPFRAME_STUCK_TITLE" justifyH="LEFT">
							<Size x="0" y="0"/>
							<Anchors>
								<Anchor point="TOPLEFT" x="15" y="-15"/>
							</Anchors>
						</FontString>
						<FontString name="$parentText1" inherits="GameFontHighlight" text="HELPFRAME_STUCK_TEXT1" justifyH="LEFT">
							<Size x="710" y="0"/>
							<Anchors>
								<Anchor point="TOPLEFT" relativeTo="$parentTitle" relativePoint="BOTTOMLEFT" x="0" y="-3"/>
							</Anchors>
						</FontString>
						<FontString name="$parentText2Header" inherits="GameFontNormal" text="HELPFRAME_STUCK_HEARTHSTONE_HEADER" justifyH="LEFT">
							<Size x="710" y="0"/>
							<Anchors>
								<Anchor point="TOPLEFT" relativeTo="$parentText1" relativePoint="BOTTOMLEFT" x="0" y="-28"/>
							</Anchors>
						</FontString>
						<FontString name="$parentText2" inherits="GameFontHighlight" text="HELPFRAME_STUCK_HEARTHSTONE" justifyH="LEFT">
							<Size x="710" y="0"/>
							<Anchors>
								<Anchor point="TOPLEFT" relativeTo="$parentText2Header" relativePoint="BOTTOMLEFT" x="0" y="-3"/>
							</Anchors>
						</FontString>
						<FontString name="$parentText3Header" inherits="GameFontNormal" text="HELPFRAME_STUCK_GRAVEYARD_HEADER" justifyH="LEFT">
							<Size x="710" y="0"/>
							<Anchors>
								<Anchor point="TOPLEFT" relativeTo="$parentText2" relativePoint="BOTTOMLEFT" x="0" y="-144"/>
							</Anchors>
						</FontString>
						<FontString name="$parentText3" inherits="GameFontHighlight" text="HELPFRAME_STUCK_GRAVEYARD" justifyH="LEFT">
							<Size x="710" y="0"/>
							<Anchors>
								<Anchor point="TOPLEFT" relativeTo="$parentText3Header" relativePoint="BOTTOMLEFT" x="0" y="-3"/>
							</Anchors>
						</FontString>
					</Layer>
				</Layers>
				<Frames>
					<Button name="$parentStuck" inherits="UIPanelButtonTemplate" text="STUCK_BUTTON_TEXT">
						<Anchors>
							<Anchor point="TOP" relativeTo="$parentText3" relativePoint="BOTTOM">
								<Offset>
									<AbsDimension x="0" y="-30"/>
								</Offset>
							</Anchor>
						</Anchors>
						<Scripts>
							<OnLoad>
								self:SetWidth(self:GetTextWidth()+40);
							</OnLoad>
							<OnClick>
								FSStuck();
								HideUIPanel(FSHelpFrame);
							</OnClick>
						</Scripts>
					</Button>
					<Button name="$parentHearthstone">
						<Size x="64" y="64"/>
						<Anchors>
							<Anchor point="TOP" relativeTo="$parentText2" relativePoint="BOTTOM" x="0" y="-34"/>
						</Anchors>
						<Layers>
							<Layer level="ARTWORK">
								<Texture name="$parentIconTexture" setAllPoints="true" parentKey="IconTexture"/>
							</Layer>
						</Layers>
						<Frames>
							<Cooldown name="$parentCooldown" inherits="CooldownFrameTemplate" parentKey="Cooldown"/>
						</Frames>
						<Scripts>
							<OnLoad>
								self.UpdateTooltip = FSHelpFrameStuckHearthstone_UpdateTooltip;
								self:RegisterForClicks("LeftButtonUp", "RightButtonUp");
							</OnLoad>
							<OnEvent>
								if ( self:IsVisible() ) then
									FSHelpFrameStuckHearthstone_Update(self);
								end
							</OnEvent>
							<OnClick>
								FSStuck()
								HideUIPanel(FSHelpFrame);
							</OnClick>
							<OnShow>
								FSHelpFrameStuckHearthstone_Update(self);
							</OnShow>
							<OnEnter>
								local hearthstoneID = PlayerHasHearthstone();
								GameTooltip:SetOwner(self, "ANCHOR_RIGHT");
								if (hearthstoneID) then
									GameTooltip:SetInventoryItemByID(hearthstoneID);
									GameTooltip:Show();
								else
									GameTooltip:SetText(HELPFRAME_STUCK_HEARTHSTONE_MISSING);
									GameTooltip:Show();
								end
							</OnEnter>
							<OnLeave>
								GameTooltip:Hide();
							</OnLeave>
						</Scripts>
						<PushedTexture file="Interface\Buttons\UI-Quickslot-Depress"/>
						<HighlightTexture name="$parentHighlight" file="Interface\Buttons\ButtonHilight-Square" alphaMode="ADD"/>
					</Button>
				</Frames>
				<Scripts>
					<OnLoad>
						tinsert(FSHelpFrameWindows, self);
					</OnLoad>
				</Scripts>
			</Frame>
			<Frame name="$parentTicket" hidden="true" parentKey="FSticket">
				<Anchors>
					<Anchor point="TOPLEFT" relativeTo="$parentMainInset" x="5" y="-5"/>
					<Anchor point="BOTTOMRIGHT" relativeTo="$parentMainInset" x="-5" y="5"/>
				</Anchors>
				<Layers>
					<Layer level="ARTWORK">
						<FontString name="$parentTitle" parentKey="title" inherits="GameFontNormalLarge" text="HELPFRAME_SUBMIT_TICKET_TITLE" justifyH="LEFT">
							<Size x="0" y="0"/>
							<Anchors>
								<Anchor point="TOPLEFT" x="15" y="-15"/>
							</Anchors>
						</FontString>
						<FontString name="$parentText1" inherits="GameFontHighlight" text="HELPFRAME_OPENTICKET_TEXT" justifyH="LEFT">
							<Size x="710" y="0"/>
							<Anchors>
								<Anchor point="TOPLEFT" relativeTo="$parentTitle" relativePoint="BOTTOMLEFT" x="0" y="-20"/>
							</Anchors>
						</FontString>
					</Layer>
				</Layers>
				<Frames>
					<Button name="$parentSubmit" inherits="GameMenuButtonTemplate" text="SUBMIT" parentKey="submitButton">
						<Size x="160" y="30"/>
						<Anchors>
							<Anchor point="BOTTOM" x="-100" y="15"/>
						</Anchors>
						<Scripts>
							<OnClick function="FSHelpFrameOpenTicketSubmit_OnClick"/>
						</Scripts>
					</Button>
					<Button name="$parentCancel" inherits="GameMenuButtonTemplate" text="CANCEL" parentKey="cancelButton">
						<Size x="160" y="30"/>
						<Anchors>
							<Anchor point="BOTTOM" x="100" y="15"/>
						</Anchors>
						<Scripts>
							<OnClick function="FSHelpFrameOpenTicketCancel_OnClick"/>
						</Scripts>
					</Button>
					<ScrollFrame name="$parentScrollFrame" inherits="UIPanelScrollFrameCodeTemplate">
						<Size x="695" y="220"/>
						<Anchors>
							<Anchor point="BOTTOM" x="0" y="70"/>
						</Anchors>
						<Layers>
							<Layer level="OVERLAY">
								<FontString name="$parentCharacterCount" inherits="GameFontDisableLarge" parentKey="charCount">
									<Anchors>
										<Anchor point="BOTTOMRIGHT" x="-15" y="0"/>
									</Anchors>
								</FontString>
							</Layer>
						</Layers>
						<Frames>
							<Slider name="$parentScrollBar" inherits="UIPanelScrollBarTemplate" parentKey="ScrollBar">
								<Anchors>
									<Anchor point="TOPLEFT" relativePoint="TOPRIGHT" x="-13" y="-16"/>
									<Anchor point="BOTTOMLEFT" relativePoint="BOTTOMRIGHT" x="-13" y="16"/>
								</Anchors>
							</Slider>
						</Frames>
						<ScrollChild>
							<EditBox name="FSHelpFrameOpenTicketEditBox" multiLine="true" letters="500" autoFocus="false">
								<Size x="420" y="220"/>
								<Scripts>
									<OnTextChanged>
										ScrollingEdit_OnTextChanged(self, self:GetParent());
										self:GetParent().charCount:SetText(self:GetMaxLetters() - self:GetNumLetters());
										if self:GetNumLetters() > 0 then
											self.submitButton:Enable();
										end
									</OnTextChanged>
									<OnCursorChanged function="ScrollingEdit_OnCursorChanged"/>
									<OnUpdate>
										ScrollingEdit_OnUpdate(self, elapsed, self:GetParent());
									</OnUpdate>
									<OnEscapePressed function="EditBox_ClearFocus"/>
									<OnShow function="EditBox_SetFocus"/>
								</Scripts>
								<FontString inherits="ChatFontNormal"/>
							</EditBox>
						</ScrollChild>
					</ScrollFrame>
					<Frame>
						<Anchors>
							<Anchor point="TOPLEFT" relativeTo="$parentScrollFrame" x="-7" y="7"/>
							<Anchor point="BOTTOMRIGHT" relativeTo="$parentScrollFrame" x="7" y="-7"/>
						</Anchors>
						<Backdrop bgFile="Interface\Tooltips\UI-Tooltip-Background" edgeFile="Interface\Tooltips\UI-Tooltip-Border" tile="true">
							<EdgeSize>
								<AbsValue val="16"/>
							</EdgeSize>
							<TileSize>
								<AbsValue val="16"/>
							</TileSize>
							<BackgroundInsets>
								<AbsInset left="5" right="5" top="5" bottom="5"/>
							</BackgroundInsets>
						</Backdrop>
						<Scripts>
							<OnLoad>
								self:SetBackdropBorderColor(TOOLTIP_DEFAULT_COLOR.r, TOOLTIP_DEFAULT_COLOR.g, TOOLTIP_DEFAULT_COLOR.b);
								self:SetBackdropColor(0, 0, 0);
							</OnLoad>
						</Scripts>
					</Frame>
				</Frames>
				<Scripts>
					<OnLoad>
						tinsert(FSHelpFrameWindows, self);
						self.editbox = FSHelpFrameOpenTicketEditBox;
						FSHelpFrameOpenTicketEditBox.submitButton = self.submitButton;
					</OnLoad>
					<OnShow>
						if self.editbox:GetNumLetters() > 0 then
							self.submitButton:Enable();
						else
							self.submitButton:Disable();
						end
					</OnShow>
				</Scripts>
			</Frame>
			<Frame name="$parentGM_Response" hidden="true" parentKey="GM_response">
				<Anchors>
					<Anchor point="TOPLEFT" relativeTo="$parentMainInset" x="5" y="-5"/>
					<Anchor point="BOTTOMRIGHT" relativeTo="$parentMainInset" x="-5" y="5"/>
				</Anchors>
				<Layers>
					<Layer level="ARTWORK">
						<FontString name="$parentTitle1" parentKey="title1" inherits="GameFontNormalLarge" text="HELPFRAME_OPENTICKET_EDITTEXT" justifyH="LEFT">
							<Size x="0" y="0"/>
							<Anchors>
								<Anchor point="TOPLEFT" x="15" y="-15"/>
							</Anchors>
						</FontString>
						<FontString name="$parentTitle2" parentKey="title2" inherits="GameFontNormalLarge" text="GM_RESPONSE_FRAME_HEADER" justifyH="LEFT">
							<Size x="0" y="0"/>
							<Anchors>
								<Anchor point="TOPLEFT" x="15" y="-214"/>
							</Anchors>
						</FontString>
					</Layer>
				</Layers>
				<Frames>
					<Button name="$parentNeedMoreHelp" inherits="GameMenuButtonTemplate" text="GM_RESPONSE_MORE_HELP">
						<Size x="160" y="30"/>
						<Anchors>
							<Anchor point="BOTTOM" x="-100" y="15"/>
						</Anchors>
						<Scripts>
							<OnClick>
								StaticPopup_Show("GM_RESPONSE_NEED_MORE_HELP");
							</OnClick>
						</Scripts>
					</Button>
					<Button name="$parentCancel" inherits="GameMenuButtonTemplate" text="GM_RESPONSE_RESOLVE" parentKey="cancelButton">
						<Size x="160" y="30"/>
						<Anchors>
							<Anchor point="BOTTOM" x="100" y="15"/>
						</Anchors>
						<Scripts>
							<OnClick>
								StaticPopup_Show("GM_RESPONSE_RESOLVE_CONFIRM");
							</OnClick>
						</Scripts>
					</Button>
					<ScrollFrame name="$parentScrollFrame1" inherits="UIPanelScrollFrameCodeTemplate">
						<Size x="435" y="140"/>
						<Anchors>
							<Anchor point="TOP" x="0" y="-45"/>
						</Anchors>
						<Layers>
							<Layer level="OVERLAY">
								<FontString name="$parentCharacterCount" inherits="GameFontDisableLarge" parentKey="charCount">
									<Anchors>
										<Anchor point="BOTTOMRIGHT" x="-15" y="0"/>
									</Anchors>
								</FontString>
							</Layer>
						</Layers>
						<Frames>
							<Slider name="$parentScrollBar" inherits="UIPanelScrollBarTemplate" parentKey="ScrollBar">
								<Anchors>
									<Anchor point="TOPLEFT" relativePoint="TOPRIGHT" x="-13" y="-16"/>
									<Anchor point="BOTTOMLEFT" relativePoint="BOTTOMRIGHT" x="-13" y="16"/>
								</Anchors>
							</Slider>
						</Frames>
						<ScrollChild>
							<EditBox name="FSHelpFrameGMResponse_IssueText" multiLine="true" letters="500" autoFocus="false">
								<Size x="420" y="220"/>
								<Scripts>
									<OnTextChanged>
										self:GetParent():SetVerticalScroll(0);
									</OnTextChanged>
									<OnUpdate>
										ScrollingEdit_OnUpdate(self, elapsed, self:GetParent());
									</OnUpdate>
								</Scripts>
								<FontString inherits="ChatFontNormal"/>
							</EditBox>
						</ScrollChild>
					</ScrollFrame>
					<ScrollFrame name="$parentScrollFrame2" inherits="UIPanelScrollFrameCodeTemplate">
						<Size x="435" y="140"/>
						<Anchors>
							<Anchor point="BOTTOM" x="0" y="70"/>
						</Anchors>
						<Layers>
							<Layer level="OVERLAY">
								<FontString name="$parentCharacterCount" inherits="GameFontDisableLarge" parentKey="charCount">
									<Anchors>
										<Anchor point="BOTTOMRIGHT" x="-15" y="0"/>
									</Anchors>
								</FontString>
							</Layer>
						</Layers>
						<Frames>
							<Slider name="$parentScrollBar" inherits="UIPanelScrollBarTemplate" parentKey="ScrollBar">
								<Anchors>
									<Anchor point="TOPLEFT" relativePoint="TOPRIGHT" x="-13" y="-16"/>
									<Anchor point="BOTTOMLEFT" relativePoint="BOTTOMRIGHT" x="-13" y="16"/>
								</Anchors>
							</Slider>
						</Frames>
						<ScrollChild>
							<EditBox name="FSHelpFrameGMResponse_GMText" multiLine="true" autoFocus="false">
								<Size x="420" y="220"/>
								<Scripts>
									<OnTextChanged>
										self:GetParent():SetVerticalScroll(0);
									</OnTextChanged>
									<OnUpdate>
										ScrollingEdit_OnUpdate(self, elapsed, self:GetParent());
									</OnUpdate>
								</Scripts>
								<FontString inherits="ChatFontNormal"/>
							</EditBox>
						</ScrollChild>
					</ScrollFrame>
					<Frame>
						<Anchors>
							<Anchor point="TOPLEFT" relativeTo="$parentScrollFrame1" x="-7" y="7"/>
							<Anchor point="BOTTOMRIGHT" relativeTo="$parentScrollFrame1" x="7" y="-7"/>
						</Anchors>
						<Backdrop bgFile="Interface\Tooltips\UI-Tooltip-Background" edgeFile="Interface\Tooltips\UI-Tooltip-Border" tile="true">
							<EdgeSize>
								<AbsValue val="16"/>
							</EdgeSize>
							<TileSize>
								<AbsValue val="16"/>
							</TileSize>
							<BackgroundInsets>
								<AbsInset left="5" right="5" top="5" bottom="5"/>
							</BackgroundInsets>
						</Backdrop>
						<Scripts>
							<OnLoad>
								self:SetBackdropBorderColor(TOOLTIP_DEFAULT_COLOR.r, TOOLTIP_DEFAULT_COLOR.g, TOOLTIP_DEFAULT_COLOR.b);
								self:SetBackdropColor(0, 0, 0);
							</OnLoad>
						</Scripts>
					</Frame>
					<Frame>
						<Anchors>
							<Anchor point="TOPLEFT" relativeTo="$parentScrollFrame2" x="-7" y="7"/>
							<Anchor point="BOTTOMRIGHT" relativeTo="$parentScrollFrame2" x="7" y="-7"/>
						</Anchors>
						<Backdrop bgFile="Interface\Tooltips\UI-Tooltip-Background" edgeFile="Interface\Tooltips\UI-Tooltip-Border" tile="true">
							<EdgeSize>
								<AbsValue val="16"/>
							</EdgeSize>
							<TileSize>
								<AbsValue val="16"/>
							</TileSize>
							<BackgroundInsets>
								<AbsInset left="5" right="5" top="5" bottom="5"/>
							</BackgroundInsets>
						</Backdrop>
						<Scripts>
							<OnLoad>
								self:SetBackdropBorderColor(TOOLTIP_DEFAULT_COLOR.r, TOOLTIP_DEFAULT_COLOR.g, TOOLTIP_DEFAULT_COLOR.b);
								self:SetBackdropColor(0, 0, 0);
							</OnLoad>
						</Scripts>
					</Frame>
				</Frames>
				<Scripts>
					<OnLoad>
						tinsert(FSHelpFrameWindows, self);
						FSHelpFrameGMResponse_IssueText:Disable();
						FSHelpFrameGMResponse_GMText:Disable();

					</OnLoad>
				</Scripts>
			</Frame>
		</Frames>
		<Layers>
			<Layer level="BORDER">
				<Texture file="Interface\HelpFrame\CS_HelpTextures">
					<Size x="229" y="45"/>
					<Anchors>
						<Anchor point="TOP" relativeTo="$parentButton2" relativePoint="BOTTOM" x="0" y="8"/>
					</Anchors>
					<TexCoords left="0.00195313" right="0.44921875" top="0.00781250" bottom="0.35937500"/>
				</Texture>
				<Texture name="$parentVertDivTop" inherits="Dialog-BorderTopLeft">
					<Anchors>
						<Anchor point="TOP" relativePoint="TOPLEFT" x="216"/>
					</Anchors>
				</Texture>
				<Texture name="$parentVertDivBottom" inherits="Dialog-BorderBottomLeft">
					<Anchors>
						<Anchor point="BOTTOM" relativePoint="BOTTOMLEFT" x="216"/>
					</Anchors>
				</Texture>
				<Texture name="$parentVertDivMiddle" inherits="Dialog-BorderLeft">
					<Anchors>
						<Anchor point="TOPLEFT" relativeTo="$parentVertDivTop" relativePoint="BOTTOMLEFT" x="1" y="0"/>
						<Anchor point="BOTTOMLEFT" relativeTo="$parentVertDivBottom" relativePoint="TOPLEFT" x="1" y="0"/>
					</Anchors>
				</Texture>
			</Layer>
		</Layers>
		<Scripts>
			<OnLoad function="FSHelpFrame_OnLoad"/>
			<OnShow function="FSHelpFrame_OnShow"/>
			<OnEvent function="FSHelpFrame_OnEvent"/>
			<OnHide function="FSHelpFrame_OnHide"/>
		</Scripts>
	</Frame>

	<Frame name="BrowserSettingsTooltip" inherits="TooltipBorderedFrameTemplate" paernt="UIParent" frameStrata="FULLSCREEN_DIALOG" hidden="true" >
		<Size x="250" y="100"/>
		<Layers>
			<Layer level="ARTWORK">
				<FontString parentKey="Title" inherits="GameFontHighlight" text="BROWSER_SETTINGS_TOOLTIP">
					<Anchors>
						<Anchor point="TOPLEFT" x="10" y="-12" />
					</Anchors>
				</FontString>
			</Layer>
		</Layers>
		<Frames>
			<Button parentKey="CacheButton" inherits="UIPanelButtonTemplate" text="BROWSER_CLEAR_CACHE">
				<Size x="150" y="22"/>
				<Anchors>
					<Anchor point="TOPLEFT" relativeKey="$parent.Title" relativePoint="BOTTOMLEFT" y="-10"/>
				</Anchors>
				<Scripts>
					<OnClick>
						PlaySound("igMainMenuOptionCheckBoxOn");
						local browser = BrowserSettingsTooltip.browser
						if (browser) then
							browser:ClearCache();
						end
					</OnClick>
					<OnEnter>
						GameTooltip:SetOwner(self, "ANCHOR_CURSOR_RIGHT");
						GameTooltip:SetText(BROWSER_CLEAR_CACHE_TOOLTIP, HIGHLIGHT_FONT_COLOR.r, HIGHLIGHT_FONT_COLOR.g, HIGHLIGHT_FONT_COLOR.b);
						self:GetParent().isCounting = nil;
					</OnEnter>
					<OnLeave>
						self:GetParent().isCounting = true;
						GameTooltip_Hide()
					</OnLeave>
				</Scripts>
			</Button>
			<Button parentKey="CookiesButton" inherits="UIPanelButtonTemplate" text="BROWSER_DELETE_COOKIES">
				<Size x="150" y="22"/>
				<Anchors>
					<Anchor point="TOPLEFT" relativeKey="$parent.CacheButton" relativePoint="BOTTOMLEFT" y="-10"/>
				</Anchors>
				<Scripts>
					<OnClick>
						PlaySound("igMainMenuOptionCheckBoxOn");
						local browser = BrowserSettingsTooltip.browser
						if (browser) then
							browser:DeleteCookies();
						end
					</OnClick>
					<OnEnter>
						GameTooltip:SetOwner(self, "ANCHOR_CURSOR_RIGHT");
						GameTooltip:SetText(BROWSER_DELETE_COOKIES_TOOLTIP, HIGHLIGHT_FONT_COLOR.r, HIGHLIGHT_FONT_COLOR.g, HIGHLIGHT_FONT_COLOR.b);
						self:GetParent().isCounting = nil;
					</OnEnter>
					<OnLeave>
						self:GetParent().isCounting = true;
						GameTooltip_Hide()
					</OnLeave>
				</Scripts>
			</Button>
		</Frames>
		<Scripts>
			<OnShow>
				self.showTimer = 2;
				self.isCounting = true;
			</OnShow>
			<OnHide>
				self.showTimer = nil;
				self.isCounting = nil;
			</OnHide>
			<OnUpdate>
				if (self.showTimer and self.isCounting) then
					if (not (self.showTimer >= 0)) then --no less thans!
						self:Hide();
					else
						self.showTimer = self.showTimer - elapsed;
					end
				end
			</OnUpdate>
			<OnEnter>
				self.isCounting = nil;
			</OnEnter>
			<OnLeave>
				self.isCounting = true;
				self.showTimer = 2;
			</OnLeave>
		</Scripts>
	</Frame>

	<Button name="FSHelpOpenTicketButton" parent="HelpMicroButton" hidden="true">
		<Size x="34" y="35"/>
		<Anchors>
			<Anchor point="CENTER" relativeTo="HelpMicroButton" relativePoint="TOPRIGHT" x="-3" y="-26"/>
		</Anchors>
		<Frames>
			<Frame name="$parentTutorial" inherits="GlowBoxTemplate" parentKey="tutorial" enableMouse="true" hidden="true" frameStrata="DIALOG">
				<Size x="220" y="100"/>
				<Anchors>
					<Anchor point="BOTTOM" relativeTo="$parent" relativePoint="TOP" x="0" y="14"/>
				</Anchors>
				<Layers>
					<Layer level="OVERLAY">
						<FontString name="$parentText" inherits="GameFontHighlightLeft" justifyV="TOP" text="HELPFRAME_TICKET_TUTORIAL_HELP" parentKey="text">
							<Size x="188" y="80"/>
							<Anchors>
								<Anchor point="TOPLEFT" x="16" y="-24"/>
							</Anchors>
						</FontString>
					</Layer>
				</Layers>
				<Frames>
					<Button name="$parentCloseButton" inherits="UIPanelCloseButton">
						<Anchors>
							<Anchor point="TOPRIGHT" x="6" y="6"/>
						</Anchors>
						<Scripts>
							<OnClick>
								self:GetParent():Hide();
							</OnClick>
						</Scripts>
					</Button>
					<Frame inherits="GlowBoxArrowTemplate">
						<Anchors>
							<Anchor point="TOP" relativePoint="BOTTOM" y="4"/>
						</Anchors>
					</Frame>
				</Frames>
				<Scripts>
					<OnLoad>
						self.text:SetText(HELPFRAME_TICKET_TUTORIAL_HELP);
						self.text:SetSpacing(4);
					</OnLoad>
				</Scripts>
			</Frame>
		</Frames>
		<Scripts>
			<OnUpdate>
				HideUIPanel(HelpOpenTicketButton)
				HideUIPanel(FSHelpOpenTicketButton)
			</OnUpdate>
			<OnLoad>
				self.refreshTime = 0;
				self:RegisterEvent("STORE_STATUS_CHANGED");
				FSHelpOpenTicketButton_Move();
				ChatFrame_AddMessageEventFilter("CHAT_MSG_SYSTEM", FSHelpOpenTicketButton_OnCustomMessage);
			</OnLoad>
			<OnClick>
				FSHelpOpenTicketButtonTutorial:Hide();
				if ( FSTicketStatusFrame.hasGMSurvey ) then
					GMSurveyFrame_LoadUI();
					ShowUIPanel(GMSurveyFrame);
					FSTicketStatusFrame:Hide();
				else
					FSHelpFrame_ShowFrame(HELPFRAME_SUBMIT_TICKET);
				end
			</OnClick>
			<OnEvent function="FSHelpOpenTicketButton_OnEvent"/>
			<OnEnter>
				self:SetScript("OnUpdate", FSHelpOpenTicketButton_OnUpdate);
			</OnEnter>
			<OnLeave>
				self:SetScript("OnUpdate", nil);
				GameTooltip:Hide();
			</OnLeave>
		</Scripts>
		<HitRectInsets>
			<AbsInset left="4" right="4" top="4" bottom="4"/>
		</HitRectInsets>
		<NormalTexture file="Interface\HelpFrame\CS_HelpTextures">
			<TexCoords left="0.70703125" right="0.77343750" top="0.58593750" bottom="0.85937500"/>
		</NormalTexture>
		<PushedTexture file="Interface\HelpFrame\CS_HelpTextures">
			<TexCoords left="0.88867188" right="0.95507813" top="0.00781250" bottom="0.28125000"/>
		</PushedTexture>
		<HighlightTexture file="Interface\HelpFrame\CS_HelpTextures">
			<TexCoords left="0.80664063" right="0.87304688" top="0.58593750" bottom="0.85937500"/>
		</HighlightTexture>
	</Button>

	<Button name="HelpOpenWebTicketButton" parent="HelpMicroButton" hidden="true">
		<Size x="34" y="35"/>
		<Anchors>
			<Anchor point="CENTER" relativeTo="HelpMicroButton" relativePoint="TOPRIGHT" x="-3" y="-26"/>
		</Anchors>
		<Scripts>
			<OnLoad>
				self.refreshTime = 0;
				self:RegisterEvent("UPDATE_WEB_TICKET")
				FSHelpOpenTicketButton_Move();
			</OnLoad>
			<OnShow>
				FSHelpOpenTicketButton:Hide();
			</OnShow>
			<OnClick>
				FSHelpFrame_ShowFrame(HELPFRAME_SUBMIT_TICKET)
			</OnClick>
			<OnEvent function="HelpOpenWebTicketButton_OnEvent"/>
			<OnEnter function="HelpOpenWebTicketButton_OnEnter"/>
			<OnLeave>
				GameTooltip:Hide();
			</OnLeave>
		</Scripts>
		<HitRectInsets>
			<AbsInset left="4" right="4" top="4" bottom="4"/>
		</HitRectInsets>
		<NormalTexture file="Interface\HelpFrame\CS_HelpTextures">
			<TexCoords left="0.70703125" right="0.77343750" top="0.58593750" bottom="0.85937500"/>
		</NormalTexture>
		<PushedTexture file="Interface\HelpFrame\CS_HelpTextures">
			<TexCoords left="0.88867188" right="0.95507813" top="0.00781250" bottom="0.28125000"/>
		</PushedTexture>
		<HighlightTexture file="Interface\HelpFrame\CS_HelpTextures">
			<TexCoords left="0.80664063" right="0.87304688" top="0.58593750" bottom="0.85937500"/>
		</HighlightTexture>
	</Button>

	<!-- Ticket Status -->
	<!-- It might be a good idea to put this in a separate file and convert the FSHelpFrame stuff into an addon -->
	<Frame name="FSTicketStatusFrame" toplevel="true" parent="UIParent" hidden="true">
		<Size>
			<AbsDimension x="208" y="75"/>
		</Size>
		<!-- This frame gets positioned in UIParent_UpdateTopFramePositions() -->
		<Layers>
			<Layer level="ARTWORK">
				<FontString name="FSTicketStatusTitleText" inherits="GameFontNormalSmall" justifyH="LEFT">
					<Size x="168" y="0"/>
					<Anchors>
						<Anchor point="TOPLEFT">
							<Offset>
								<AbsDimension x="10" y="-8"/>
							</Offset>
						</Anchor>
					</Anchors>
				</FontString>
				<FontString name="FSTicketStatusTime" inherits="GameFontHighlightSmall" justifyH="LEFT">
					<Size x="168" y="0"/>
					<Anchors>
						<Anchor point="TOPLEFT" relativeTo="FSTicketStatusTitleText" relativePoint="BOTTOMLEFT">
							<Offset>
								<AbsDimension x="0" y="-2"/>
							</Offset>
						</Anchor>
					</Anchors>
				</FontString>
				<Texture name="FSTicketStatusFrameIcon" file="Interface\HelpFrame\OpenTicketIcon">
					<Size>
						<AbsDimension x="32" y="32"/>
					</Size>
					<Anchors>
						<Anchor point="TOPRIGHT">
							<Offset>
								<AbsDimension x="-3" y="0"/>
							</Offset>
						</Anchor>
					</Anchors>
				</Texture>
			</Layer>
		</Layers>
		<Frames>
			<Button name="FSTicketStatusFrameButton">
				<Anchors>
					<Anchor point="TOPLEFT" relativeTo="FSTicketStatusTitleText">
						<Offset x="-8" y="8"/>
					</Anchor>
					<Anchor point="BOTTOMRIGHT" relativeTo="FSTicketStatusTime">
						<Offset x="30" y="-8"/>		<!-- width added to accomodate the status button -->
					</Anchor>
				</Anchors>
				<Backdrop bgFile="Interface\Tooltips\UI-Tooltip-Background" edgeFile="Interface\Tooltips\UI-Tooltip-Border" tile="true">
					<EdgeSize>
						<AbsValue val="16"/>
					</EdgeSize>
					<TileSize>
						<AbsValue val="16"/>
					</TileSize>
					<BackgroundInsets>
						<AbsInset left="5" right="5" top="5" bottom="5"/>
					</BackgroundInsets>
				</Backdrop>
				<Scripts>
					<OnLoad function="FSTicketStatusFrameButton_OnLoad"/>
					<OnClick function="FSTicketStatusFrameButton_OnClick"/>
				</Scripts>
			</Button>
		</Frames>
		<Scripts>
			<OnLoad function="FSTicketStatusFrame_OnLoad"/>
			<OnEvent function="FSTicketStatusFrame_OnEvent"/>
			<OnShow function="FSTicketStatusFrame_OnShow"/>
			<OnHide function="FSTicketStatusFrame_OnHide"/>
		</Scripts>
	</Frame>
	<Frame name="ReportPlayerNameDialog" parent="UIParent" hidden="true" frameStrata="DIALOG">
		<Size x="344" y="364"/>
		<Backdrop bgFile="Interface\DialogFrame\UI-DialogBox-Background" edgeFile="Interface\DialogFrame\UI-DialogBox-Border" tile="true">
			<BackgroundInsets>
				<AbsInset left="11" right="12" top="12" bottom="11"/>
			</BackgroundInsets>
			<TileSize>
				<AbsValue val="32"/>
			</TileSize>
			<EdgeSize>
				<AbsValue val="32"/>
			</EdgeSize>
		</Backdrop>
		<Layers>
			<Layer level="ARTWORK">
				<FontString name="$parentTitle" inherits="GameFontNormal" text="REPORT_PLAYER_NAME_TITLE">
					<Anchors>
						<Anchor point="TOPLEFT" x="20" y="-20"/>
					</Anchors>
				</FontString>
				<FontString name="$parentText1" inherits="GameFontHighlight" text="REPORT_PLAYER_NAME_TEXT1" justifyH="LEFT">
					<Size x="305" y="0"/>
					<Anchors>
						<Anchor point="TOPLEFT" relativeTo="$parentTitle" relativePoint="BOTTOMLEFT" x="0" y="-10"/>
					</Anchors>
				</FontString>
			</Layer>
		</Layers>
		<Frames>
			<CheckButton name="$parentPlayerNameCheckButton" inherits="UIRadioButtonTemplate" id="1" parentKey="playerNameCheckButton">
				<Anchors>
					<Anchor point="TOPLEFT" relativeTo="$parentText1" relativePoint="BOTTOMLEFT" x="15" y="-5"/>
				</Anchors>
				<Scripts>
					<OnLoad>
						self.reportType = PLAYER_REPORT_TYPE_BAD_PLAYER_NAME;
						self.text:SetFontObject(GameFontHighlight);
						self.text:SetText(BAD_PLAYER_NAME);
					</OnLoad>
					<OnClick>
						PlaySound("igMainMenuOptionCheckBoxOn");
						FSHelpFrame_SetReportPlayerNameSelection(self.reportType);
					</OnClick>
				</Scripts>
			</CheckButton>
			<CheckButton name="$parentGuildNameCheckButton" inherits="UIRadioButtonTemplate" id="2" parentKey="guildNameCheckButton">
				<Anchors>
					<Anchor point="TOPLEFT" relativeTo="$parentPlayerNameCheckButton" relativePoint="BOTTOMLEFT" x="0" y="-3"/>
				</Anchors>
				<Scripts>
					<OnLoad>
						self.reportType = PLAYER_REPORT_TYPE_BAD_GUILD_NAME;
						self.text:SetFontObject(GameFontHighlight);
						self.text:SetText(BAD_GUILD_NAME);
					</OnLoad>
					<OnClick>
						PlaySound("igMainMenuOptionCheckBoxOn");
						FSHelpFrame_SetReportPlayerNameSelection(self.reportType);
					</OnClick>
				</Scripts>
			</CheckButton>
			<Frame name="$parentCommentFrame" parentKey="CommentFrame">
				<Size x="300" y="100"/>
				<Anchors>
					<Anchor point="BOTTOM" x="0" y="70"/>
				</Anchors>
				<Layers>
					<Layer level="BACKGROUND">
						<Texture name="$parentTopLeft" file="Interface\Common\Common-Input-Border-TL">
							<Size>
								<AbsDimension x="8" y="8"/>
							</Size>
							<Anchors>
								<Anchor point="TOPLEFT">
									<Offset x="0" y="0"/>
								</Anchor>
							</Anchors>
						</Texture>
						<Texture name="$parentTopRight" file="Interface\Common\Common-Input-Border-TR">
							<Size>
								<AbsDimension x="8" y="8"/>
							</Size>
							<Anchors>
								<Anchor point="TOPRIGHT">
									<Offset x="0" y="0"/>
								</Anchor>
							</Anchors>
						</Texture>
						<Texture name="$parentTop" file="Interface\Common\Common-Input-Border-T">
							<Anchors>
								<Anchor point="TOPLEFT" relativeTo="$parentTopLeft" relativePoint="TOPRIGHT"/>
								<Anchor point="BOTTOMRIGHT" relativeTo="$parentTopRight" relativePoint="BOTTOMLEFT"/>
							</Anchors>
						</Texture>
						<Texture name="$parentBottomLeft" file="Interface\Common\Common-Input-Border-BL">
							<Size>
								<AbsDimension x="8" y="8"/>
							</Size>
							<Anchors>
								<Anchor point="BOTTOMLEFT">
									<Offset x="0" y="0"/>
								</Anchor>
							</Anchors>
						</Texture>
						<Texture name="$parentBottomRight" file="Interface\Common\Common-Input-Border-BR">
							<Size>
								<AbsDimension x="8" y="8"/>
							</Size>
							<Anchors>
								<Anchor point="BOTTOMRIGHT">
									<Offset x="0" y="0"/>
								</Anchor>
							</Anchors>
						</Texture>
						<Texture name="$parentBottom" file="Interface\Common\Common-Input-Border-B">
							<Anchors>
								<Anchor point="TOPLEFT" relativeTo="$parentBottomLeft" relativePoint="TOPRIGHT"/>
								<Anchor point="BOTTOMRIGHT" relativeTo="$parentBottomRight" relativePoint="BOTTOMLEFT"/>
							</Anchors>
						</Texture>
						<Texture name="$parentLeft" file="Interface\Common\Common-Input-Border-L">
							<Anchors>
								<Anchor point="TOPLEFT" relativeTo="$parentTopLeft" relativePoint="BOTTOMLEFT"/>
								<Anchor point="BOTTOMRIGHT" relativeTo="$parentBottomLeft" relativePoint="TOPRIGHT"/>
							</Anchors>
						</Texture>
						<Texture name="$parentRight" file="Interface\Common\Common-Input-Border-R">
							<Anchors>
								<Anchor point="TOPLEFT" relativeTo="$parentTopRight" relativePoint="BOTTOMLEFT"/>
								<Anchor point="BOTTOMRIGHT" relativeTo="$parentBottomRight" relativePoint="TOPRIGHT"/>
							</Anchors>
						</Texture>
						<Texture name="$parentMiddle" file="Interface\Common\Common-Input-Border-M">
							<Anchors>
								<Anchor point="TOPLEFT" relativeTo="$parentLeft" relativePoint="TOPRIGHT"/>
								<Anchor point="BOTTOMRIGHT" relativeTo="$parentRight" relativePoint="BOTTOMLEFT"/>
							</Anchors>
						</Texture>
					</Layer>
				</Layers>
				<Frames>
					<Button name="$parentFocusButton" setAllPoints="true" parentKey="FocusButton">
						<Scripts>
							<OnClick>
								self:GetParent().EditBox:SetFocus();
							</OnClick>
						</Scripts>
					</Button>				
					<EditBox name="$parentEditBox" multiLine="true" letters="255" setAllPoints="true" parentKey="EditBox" autoFocus="false">
						<Anchors>
							<Anchor point="TOPLEFT" x="5" y="-5"/>
							<Anchor point="BOTTOMRIGHT" x="-5" y="5"/>
						</Anchors>
						<Layers>
							<Layer level="ARTWORK">
								<FontString parentKey="InformationText" inherits="GameFontDisable" setAllPoints="true" justifyH="LEFT" justifyV="TOP" text="REPORT_PLAYER_NAME_EDITBOX_INFO"/>
							</Layer>
						</Layers>
						<Scripts>
							<OnEditFocusGained>
								self:GetParent().FocusButton:Hide();
								self.InformationText:Hide();
							</OnEditFocusGained>
							<OnEditFocusLost>
								self:GetParent().FocusButton:Show();
								if ( self:GetText() == "" ) then
									self.InformationText:Show();
								end
							</OnEditFocusLost>
							<OnEnterPressed>
								--Don't allow line breaks
							</OnEnterPressed>
						</Scripts>
						<FontString inherits="GameFontHighlightSmall"/>
					</EditBox>
				</Frames>
			</Frame>
			<Button name="$parentReportButton" inherits="UIPanelButtonTemplate" text="REPORT_PLAYER" parentKey="reportButton">
				<Size x="120" y="22"/>
				<Anchors>
					<Anchor point="BOTTOMLEFT" x="30" y="30"/>
				</Anchors>
				<Scripts>
					<OnClick>
						PlaySound("igMainMenuOptionCheckBoxOn");
						local parent = self:GetParent();
						ReportPlayer(parent.reportType, parent.target, parent.CommentFrame.EditBox:GetText());
						StaticPopupSpecial_Hide(self:GetParent());
					</OnClick>
				</Scripts>
			</Button>
			<Button name="$parentCancelButton" inherits="UIPanelButtonTemplate" text="CANCEL">
				<Size x="120" y="22"/>
				<Anchors>
					<Anchor point="BOTTOMRIGHT" x="-30" y="30"/>
				</Anchors>
				<Scripts>
					<OnClick>
						PlaySound("igMainMenuOptionCheckBoxOn");
						StaticPopupSpecial_Hide(self:GetParent());
					</OnClick>
				</Scripts>
			</Button>
		</Frames>
		<Scripts>
			<OnLoad>
				self.exclusive = true;
				self:SetBackdropColor(TOOLTIP_DEFAULT_COLOR.r, TOOLTIP_DEFAULT_COLOR.g, TOOLTIP_DEFAULT_COLOR.b);
			</OnLoad>
		</Scripts>
	</Frame>
	<Frame name="ReportCheatingDialog" parent="UIParent" hidden="true" frameStrata="DIALOG">
		<Size x="344" y="310"/>
		<Backdrop bgFile="Interface\DialogFrame\UI-DialogBox-Background" edgeFile="Interface\DialogFrame\UI-DialogBox-Border" tile="true">
			<BackgroundInsets>
				<AbsInset left="11" right="12" top="12" bottom="11"/>
			</BackgroundInsets>
			<TileSize>
				<AbsValue val="32"/>
			</TileSize>
			<EdgeSize>
				<AbsValue val="32"/>
			</EdgeSize>
		</Backdrop>
		<Layers>
			<Layer level="ARTWORK">
				<FontString name="$parentTitle" inherits="GameFontNormal" text="REPORT_CHEATING_TITLE">
					<Anchors>
						<Anchor point="TOPLEFT" x="20" y="-20"/>
					</Anchors>
				</FontString>
				<FontString name="$parentText1" inherits="GameFontHighlight" text="REPORT_CHEATING_TEXT1" justifyH="LEFT">
					<Size x="305" y="0"/>
					<Anchors>
						<Anchor point="TOPLEFT" relativeTo="$parentTitle" relativePoint="BOTTOMLEFT" x="0" y="-10"/>
					</Anchors>
				</FontString>
			</Layer>
		</Layers>
		<Frames>
			<Frame name="$parentCommentFrame" parentKey="CommentFrame">
				<Size x="300" y="100"/>
				<Anchors>
					<Anchor point="BOTTOM" x="0" y="70"/>
				</Anchors>
				<Layers>
					<Layer level="BACKGROUND">
						<Texture name="$parentTopLeft" file="Interface\Common\Common-Input-Border-TL">
							<Size>
								<AbsDimension x="8" y="8"/>
							</Size>
							<Anchors>
								<Anchor point="TOPLEFT">
									<Offset x="0" y="0"/>
								</Anchor>
							</Anchors>
						</Texture>
						<Texture name="$parentTopRight" file="Interface\Common\Common-Input-Border-TR">
							<Size>
								<AbsDimension x="8" y="8"/>
							</Size>
							<Anchors>
								<Anchor point="TOPRIGHT">
									<Offset x="0" y="0"/>
								</Anchor>
							</Anchors>
						</Texture>
						<Texture name="$parentTop" file="Interface\Common\Common-Input-Border-T">
							<Anchors>
								<Anchor point="TOPLEFT" relativeTo="$parentTopLeft" relativePoint="TOPRIGHT"/>
								<Anchor point="BOTTOMRIGHT" relativeTo="$parentTopRight" relativePoint="BOTTOMLEFT"/>
							</Anchors>
						</Texture>
						<Texture name="$parentBottomLeft" file="Interface\Common\Common-Input-Border-BL">
							<Size>
								<AbsDimension x="8" y="8"/>
							</Size>
							<Anchors>
								<Anchor point="BOTTOMLEFT">
									<Offset x="0" y="0"/>
								</Anchor>
							</Anchors>
						</Texture>
						<Texture name="$parentBottomRight" file="Interface\Common\Common-Input-Border-BR">
							<Size>
								<AbsDimension x="8" y="8"/>
							</Size>
							<Anchors>
								<Anchor point="BOTTOMRIGHT">
									<Offset x="0" y="0"/>
								</Anchor>
							</Anchors>
						</Texture>
						<Texture name="$parentBottom" file="Interface\Common\Common-Input-Border-B">
							<Anchors>
								<Anchor point="TOPLEFT" relativeTo="$parentBottomLeft" relativePoint="TOPRIGHT"/>
								<Anchor point="BOTTOMRIGHT" relativeTo="$parentBottomRight" relativePoint="BOTTOMLEFT"/>
							</Anchors>
						</Texture>
						<Texture name="$parentLeft" file="Interface\Common\Common-Input-Border-L">
							<Anchors>
								<Anchor point="TOPLEFT" relativeTo="$parentTopLeft" relativePoint="BOTTOMLEFT"/>
								<Anchor point="BOTTOMRIGHT" relativeTo="$parentBottomLeft" relativePoint="TOPRIGHT"/>
							</Anchors>
						</Texture>
						<Texture name="$parentRight" file="Interface\Common\Common-Input-Border-R">
							<Anchors>
								<Anchor point="TOPLEFT" relativeTo="$parentTopRight" relativePoint="BOTTOMLEFT"/>
								<Anchor point="BOTTOMRIGHT" relativeTo="$parentBottomRight" relativePoint="TOPRIGHT"/>
							</Anchors>
						</Texture>
						<Texture name="$parentMiddle" file="Interface\Common\Common-Input-Border-M">
							<Anchors>
								<Anchor point="TOPLEFT" relativeTo="$parentLeft" relativePoint="TOPRIGHT"/>
								<Anchor point="BOTTOMRIGHT" relativeTo="$parentRight" relativePoint="BOTTOMLEFT"/>
							</Anchors>
						</Texture>
					</Layer>
				</Layers>
				<Frames>
					<Button name="$parentFocusButton" setAllPoints="true" parentKey="FocusButton">
						<Scripts>
							<OnClick>
								self:GetParent().EditBox:SetFocus();
							</OnClick>
						</Scripts>
					</Button>				
					<EditBox name="$parentEditBox" multiLine="true" letters="255" setAllPoints="true" parentKey="EditBox" autoFocus="false">
						<Anchors>
							<Anchor point="TOPLEFT" x="5" y="-5"/>
							<Anchor point="BOTTOMRIGHT" x="-5" y="5"/>
						</Anchors>
						<Layers>
							<Layer level="ARTWORK">
								<FontString parentKey="InformationText" inherits="GameFontDisable" setAllPoints="true" justifyH="LEFT" justifyV="TOP" text="REPORT_CHEATING_EDITBOX_INFO"/>
							</Layer>
						</Layers>
						<Scripts>
							<OnEditFocusGained>
								self:GetParent().FocusButton:Hide();
								self.InformationText:Hide();
							</OnEditFocusGained>
							<OnEditFocusLost>
								self:GetParent().FocusButton:Show();
								if ( self:GetText() == "" ) then
									self.InformationText:Show();
								end
							</OnEditFocusLost>
							<OnEnterPressed>
								--Don't allow line breaks
							</OnEnterPressed>
							<OnTextChanged>
								if ( self:GetText() ~= "" ) then
									self:GetParent():GetParent().reportButton:Enable();
								else
									self:GetParent():GetParent().reportButton:Disable();
								end
							</OnTextChanged>
						</Scripts>
						<FontString inherits="GameFontHighlightSmall"/>
					</EditBox>
				</Frames>
			</Frame>
			<Button name="$parentReportButton" inherits="UIPanelButtonTemplate" text="REPORT_PLAYER" parentKey="reportButton">
				<Size x="120" y="22"/>
				<Anchors>
					<Anchor point="BOTTOMLEFT" x="30" y="30"/>
				</Anchors>
				<Scripts>
					<OnClick>
						PlaySound("igMainMenuOptionCheckBoxOn");
						ReportPlayer(PLAYER_REPORT_TYPE_CHEATING, self:GetParent().target, self:GetParent().CommentFrame.EditBox:GetText());
						StaticPopupSpecial_Hide(self:GetParent());
					</OnClick>
				</Scripts>
			</Button>
			<Button name="$parentCancelButton" inherits="UIPanelButtonTemplate" text="CANCEL">
				<Size x="120" y="22"/>
				<Anchors>
					<Anchor point="BOTTOMRIGHT" x="-30" y="30"/>
				</Anchors>
				<Scripts>
					<OnClick>
						PlaySound("igMainMenuOptionCheckBoxOn");
						StaticPopupSpecial_Hide(self:GetParent());
					</OnClick>
				</Scripts>
			</Button>
		</Frames>
		<Scripts>
			<OnLoad>
				self.exclusive = true;
				self:SetBackdropColor(TOOLTIP_DEFAULT_COLOR.r, TOOLTIP_DEFAULT_COLOR.g, TOOLTIP_DEFAULT_COLOR.b);
			</OnLoad>
		</Scripts>
	</Frame>
</Ui>